City,Cloudiness,Country,Date,Humidity,Lat,Lng,Max Temp (F),Wind Speed (mph)
Muli,5,MV,1613102521,70,2.9167,73.5667,80.91,15.82
Ushuaia,20,AR,1613102522,71,-54.8,-68.3,46.4,26.46
Fortuna,75,US,1613102523,100,40.5982,-124.1573,48.99,3.24
Punta Arenas,0,CL,1613102523,66,-53.15,-70.9167,46.4,14.97
Mataura,0,NZ,1613102523,70,-46.1927,168.8643,60.01,8.01
Saldanha,4,ZA,1613102523,88,-33.0117,17.9442,64.4,8.05
Alta Floresta,100,BR,1613102394,96,-9.8756,-56.0861,71.51,2.04
Busselton,0,AU,1613102523,42,-33.65,115.3333,73.31,1.95
Jamestown,20,US,1613102524,79,42.097,-79.2353,12.2,8.05
Mehamn,99,NO,1613102524,91,71.0357,27.8492,20.08,9.33
Port Alfred,98,ZA,1613102524,96,-33.5906,26.891,71.01,10.78
Avarua,75,CK,1613102524,65,-21.2078,-159.775,84.2,1.14
Mandalgovi,68,MN,1613102524,72,45.7625,106.2708,18.81,9.95
Nemuro,20,JP,1613102525,59,43.3236,145.575,30.2,9.22
Codrington,84,AU,1613102525,54,-38.2667,141.9667,68.05,15.79
Kiunga,100,PG,1613102525,55,-6.1219,141.2906,90.45,4.97
Butaritari,0,KI,1613102525,77,3.0707,172.7902,81.82,12.73
Barrow,90,US,1613102525,82,71.2906,-156.7887,-40.0,8.05
Albany,20,US,1613102276,53,42.6001,-73.9662,16.0,6.91
Sheregesh,0,RU,1613102526,87,52.9209,87.9869,-6.93,2.91
Longyearbyen,75,SJ,1613102526,66,78.2186,15.6401,8.6,13.8
Caraballeda,20,VE,1613102526,78,10.6112,-66.8522,78.8,5.75
Thunder Bay,75,CA,1613102317,64,48.4001,-89.3168,-8.0,4.61
Aklavik,97,CA,1613102527,78,68.2191,-135.0107,1.4,6.91
Tasiilaq,75,GL,1613102527,79,65.6145,-37.6368,19.4,25.32
Laguna,90,US,1613102501,87,38.421,-121.4238,53.01,9.22
Sola,90,VU,1613102527,84,-13.8833,167.55,84.2,6.31
Severo-Kuril'sk,85,RU,1613102527,92,50.6789,156.125,30.54,2.75
Cape Town,75,ZA,1613102528,94,-33.9258,18.4232,72.0,13.8
Bambous Virieux,40,MU,1613102528,69,-20.3428,57.7575,82.0,6.91
Mar del Plata,90,AR,1613102400,88,-38.0023,-57.5575,71.01,16.11
Tokonou,34,GN,1613102528,74,9.65,-9.7833,67.46,5.55
Bontang,99,ID,1613102528,75,0.1333,117.5,83.14,4.25
Jalu,2,LY,1613102528,85,29.0331,21.5482,52.32,9.62
Brandon,1,US,1613102529,88,27.9378,-82.2859,71.01,3.24
Bilma,0,NE,1613102529,25,18.6853,12.9164,63.93,10.83
Alekseyevsk,100,RU,1613102529,87,57.8406,108.3492,-7.01,5.37
Ahipara,0,NZ,1613102529,61,-35.1667,173.1667,68.79,10.85
Oberkirch,59,DE,1613102529,88,48.5324,8.0786,14.0,5.19
Saskylakh,100,RU,1613102530,86,71.9167,114.0833,-15.54,3.71
Sibu,40,MY,1613102530,79,2.3,111.8167,84.2,6.91
Lata,41,PT,1613102530,99,40.1629,-8.3327,55.99,8.99
Pekalongan,66,ID,1613102530,74,-6.8886,109.6753,84.31,8.52
Pisco,75,PE,1613102530,78,-13.7,-76.2167,75.2,3.44
Nikolskoye,75,RU,1613102530,85,59.7035,30.7861,3.99,11.18
Chui,100,UY,1613102531,91,-33.6971,-53.4616,70.27,12.24
Navoiy,93,UZ,1613102531,66,40.0844,65.3792,48.2,11.5
Pingliang,0,CN,1613102413,46,35.5392,106.6861,49.37,10.0
Puerto Ayacucho,25,VE,1613102531,62,5.6639,-67.6236,78.69,6.2
Belen,22,TR,1613102476,100,36.4891,36.2233,42.8,3.44
Constitución,99,CL,1613102532,90,-35.3333,-72.4167,59.36,7.34
Rikitea,97,PF,1613102532,67,-23.1203,-134.9692,79.5,3.42
Carnarvon,1,AU,1613102532,74,-24.8667,113.6333,80.6,19.57
Develi,37,TR,1613102532,86,38.3906,35.4922,26.6,2.3
Talnakh,95,RU,1613102533,87,69.4865,88.3972,-15.99,2.3
Naze,75,JP,1613102533,77,28.3667,129.4833,64.4,23.02
Hobart,0,AU,1613102315,35,-42.8794,147.3294,73.99,19.57
Thompson,20,CA,1613102533,74,55.7435,-97.8558,-38.2,2.3
Mayo,90,US,1613102533,69,38.8876,-76.5119,33.01,13.62
Tuatapere,4,NZ,1613102533,70,-46.1333,167.6833,60.01,8.01
Dikson,100,RU,1613102534,89,73.5069,80.5464,-14.44,6.22
Paso de los Toros,86,UY,1613102534,89,-32.8167,-56.5167,67.93,8.1
Haysville,90,US,1613102534,73,37.5645,-97.3523,12.99,17.27
Vaini,40,TO,1613102534,79,-21.2,-175.2,86.0,6.91
San Policarpo,70,PH,1613102534,76,12.1791,125.5072,82.85,7.38
Omboué,99,GA,1613102534,88,-1.5746,9.2618,78.35,4.88
Clyde River,99,CA,1613102535,92,70.4692,-68.5914,3.2,20.71
Caucel,20,MX,1613102535,83,21.0167,-89.7167,77.0,9.22
Qaanaaq,0,GL,1613102535,70,77.484,-69.3632,6.12,8.19
Obo,13,CF,1613102535,31,5.3998,26.4869,67.21,3.4
Port Elizabeth,20,ZA,1613102471,94,-33.918,25.5701,73.4,6.91
Tacuarembó,71,UY,1613102521,93,-31.7333,-55.9833,64.38,3.13
Tuktoyaktuk,75,CA,1613102536,77,69.4541,-133.0374,-7.6,8.05
Altyn-Topkan,32,TJ,1613102536,76,40.6528,69.5998,46.4,15.66
Hamilton,90,US,1613102364,68,39.1834,-84.5333,21.99,11.5
Safi,0,MA,1613102536,82,32.2994,-9.2372,56.73,11.7
Yellowknife,1,CA,1613102478,77,62.456,-114.3525,-13.0,5.75
Saint Paul Harbor,90,US,1613102536,87,57.79,-152.4072,39.2,36.82
Mékhé,2,SN,1613102537,35,15.1097,-16.6218,71.6,4.61
Deputatsky,100,RU,1613102537,85,69.3,139.9,-5.37,2.37
Hilo,90,US,1613102537,61,19.7297,-155.09,77.0,8.05
Alice Springs,0,AU,1613102374,32,-23.7,133.8833,96.8,12.66
Solnechnyy,100,RU,1613102537,92,50.7214,136.6319,17.24,3.29
Leh,0,IN,1613102327,70,34.1667,77.5833,12.56,1.79
Mahibadhoo,0,MV,1613102538,77,3.7833,72.9667,80.02,14.18
San Cristobal,61,VE,1613102390,84,7.7669,-72.225,65.66,1.34
Arraial do Cabo,100,BR,1613102538,89,-22.9661,-42.0278,76.19,13.8
Chokurdakh,94,RU,1613102538,80,70.6333,147.9167,-15.32,3.87
Sakaiminato,75,JP,1613102538,58,35.55,133.2333,51.8,6.91
São João da Barra,100,BR,1613102538,87,-21.6403,-41.0511,76.71,14.2
Hermanus,97,ZA,1613102539,91,-34.4187,19.2345,72.0,1.01
Carutapera,99,BR,1613102539,84,-1.195,-46.02,78.96,7.11
Rawson,53,AR,1613102539,52,-43.3002,-65.1023,73.04,7.58
Bayanday,76,RU,1613102539,81,53.0661,105.5139,1.31,5.91
Isangel,75,VU,1613102539,74,-19.55,169.2667,86.0,4.74
Barcelos,40,PT,1613102539,94,41.5388,-8.6151,55.4,3.44
Tacoronte,40,ES,1613102322,94,28.4769,-16.4102,63.0,5.75
Ketchikan,1,US,1613102540,30,55.3422,-131.6461,24.8,24.16
Vilyuysk,18,RU,1613102540,88,63.7553,121.6247,-14.44,3.42
Nishihara,75,JP,1613102540,72,26.1842,127.7558,71.6,20.71
Poya,27,NC,1613102540,72,-21.35,165.15,81.03,8.52
Atuona,4,PF,1613102540,74,-9.8,-139.0333,79.34,11.25
Stepnyak,1,KZ,1613102541,91,52.8339,70.7803,-6.41,4.56
Miramar,1,US,1613102276,88,25.9873,-80.2323,75.0,3.44
Přerov,17,CZ,1613102541,90,49.4551,17.4509,10.99,1.01
Mahébourg,40,MU,1613102498,69,-20.4081,57.7,80.6,6.91
Kariba,100,ZW,1613102541,98,-16.5167,28.8,69.12,4.0
Northam,100,GB,1613102541,77,51.0333,-4.2167,37.99,8.99
Dingle,21,PH,1613102541,67,10.9995,122.6711,86.14,2.17
Garissa,81,KE,1613102542,78,-0.4536,39.6401,74.68,2.1
Sajanan,20,TN,1613102542,93,37.0573,9.2426,46.4,4.61
Araouane,39,ML,1613102542,18,18.9048,-3.5265,67.98,10.22
Bredasdorp,75,ZA,1613102542,88,-34.5322,20.0403,71.6,2.3
Bluff,1,NZ,1613102542,70,-46.6,168.3333,60.01,8.01
Flinders,92,AU,1613102543,65,-34.5833,150.8552,82.99,1.01
Batī,84,ET,1613102543,54,11.1833,40.0167,59.32,1.34
Dirba,100,IN,1613102543,38,30.0667,75.9833,65.34,2.06
Necochea,93,AR,1613102543,94,-38.5473,-58.7368,64.99,3.0
Yenişehir,75,TR,1613102467,87,40.2644,29.6531,50.0,5.75
Hays,100,US,1613102543,92,30.0502,-98.0336,32.0,1.99
Moryakovskiy Zaton,96,RU,1613102544,76,56.6956,84.6467,-15.0,8.95
Torbay,90,CA,1613102544,93,47.6666,-52.7314,24.01,33.38
Tongzi,0,CN,1613102544,51,28.7829,105.0877,65.64,3.98
Požarevac,90,RS,1613102544,68,44.6153,21.1825,23.0,14.97
East London,75,ZA,1613102544,100,-33.0153,27.9116,71.6,6.91
Puerto Colombia,0,CO,1613102545,78,10.9878,-74.9547,78.8,11.5
Yārāda,40,IN,1613102545,57,17.65,83.2667,77.34,1.72
Castro,100,BR,1613102291,98,-24.7911,-50.0119,61.99,7.16
Ballangen,86,NO,1613102545,69,68.3428,16.8315,34.0,9.22
Marsabit,80,KE,1613102545,92,2.3284,37.9899,63.75,12.86
Puerto Ayora,82,EC,1613102545,98,-0.7393,-90.3518,75.0,8.97
Ponta do Sol,20,PT,1613102545,72,32.6667,-17.1,59.0,6.91
Cooma,90,AU,1613102247,60,-36.2333,149.1333,71.6,14.97
Liku,87,ID,1613102546,55,-0.7275,119.8922,89.65,3.96
Hay River,10,CA,1613102543,71,60.8156,-115.7999,-5.8,11.5
Adrar,0,MR,1613102546,21,20.5022,-10.0711,64.02,9.82
Kupang,40,ID,1613102469,74,-10.1667,123.5833,86.0,10.36
Artigas,89,UY,1613102546,89,-30.4,-56.4667,67.03,3.13
Shīeli,100,KZ,1613102546,78,44.1667,66.75,37.96,4.43
Nanortalik,100,GL,1613102547,89,60.1432,-45.2371,28.17,11.79
Mahon,0,ES,1613102547,93,39.8885,4.2658,51.8,6.91
Khatanga,97,RU,1613102547,86,71.9667,102.5,-27.24,5.97
Ughelli,0,NG,1613102547,89,5.4899,6.0074,77.9,1.7
George Town,20,MY,1613102320,66,5.4112,100.3354,87.8,3.44
Buraidah,0,SA,1613102548,100,26.326,43.975,51.8,5.44
Narrabri,75,AU,1613102548,37,-30.3167,149.7833,90.0,17.27
Touros,75,BR,1613102548,83,-5.1989,-35.4608,78.8,5.75
Khasan,33,RU,1613102548,91,42.4308,130.6434,33.89,3.31
Kavaratti,36,IN,1613102548,58,10.5669,72.642,81.82,6.85
Tura,27,IN,1613102548,32,25.5198,90.2201,76.33,3.2
Yar-Sale,98,RU,1613102549,88,66.8333,70.8333,-17.18,6.69
Eyl,90,SO,1613102549,76,7.9803,49.8164,70.54,12.28
Tecpan,40,GT,1613102549,82,14.7623,-90.9947,64.4,6.91
Sabzawār,0,IR,1613102549,56,36.2126,57.6819,39.2,9.22
Lavrentiya,65,RU,1613102550,81,65.5833,-171.0,-20.36,14.41
San Patricio,90,US,1613102550,93,28.017,-97.5169,39.2,14.97
Upernavik,99,GL,1613102550,81,72.7868,-56.1549,0.82,8.55
Harindānga,20,IN,1613102550,83,22.0383,88.3214,69.8,6.8
Bethel,1,US,1613102550,54,41.3712,-73.414,23.0,10.36
Caravelas,100,BR,1613102550,85,-17.7125,-39.2481,75.18,4.59
Sengiley,90,RU,1613102551,85,53.9622,48.7944,10.4,8.95
Hong Kong,0,HK,1613102534,56,22.2855,114.1577,71.01,5.01
Bathsheba,40,BB,1613102551,69,13.2167,-59.5167,77.0,20.71
Umluj,98,SA,1613102421,50,25.0213,37.2685,75.94,1.12
Tiksi,59,RU,1613102551,89,71.6872,128.8694,-8.05,5.44
Norman Wells,20,CA,1613102551,77,65.282,-126.8329,-11.2,2.3
Coyhaique,0,CL,1613102552,71,-45.5752,-72.0662,50.0,3.44
Natal,20,BR,1613102535,78,-5.795,-35.2094,80.6,10.36
Mīzan Teferī,99,ET,1613102552,33,6.9833,35.5833,69.69,1.41
Meulaboh,76,ID,1613102552,61,4.1363,96.1285,87.13,1.83
Basco,0,PH,1613102552,80,20.4487,121.9702,73.63,16.08
New Norfolk,24,AU,1613102552,53,-42.7826,147.0587,73.99,8.01
Albury,78,AU,1613102500,83,-36.0833,146.9167,75.99,9.22
Mazamari,100,PE,1613102553,83,-11.3258,-74.5308,69.06,0.47
Enshi,3,CN,1613102553,56,30.3,109.4833,65.64,1.59
Najrān,0,SA,1613102553,66,17.4924,44.1277,51.8,1.32
Nurota,90,UZ,1613102553,66,40.5614,65.6886,48.2,11.5
Provideniya,90,RU,1613102553,65,64.3833,-173.3,-2.2,33.55
Esmeraldas,75,BR,1613102553,100,-19.7625,-44.3139,66.2,2.3
Portland,90,US,1613102196,64,45.5234,-122.6762,32.0,27.63
Fort Nelson,90,CA,1613102554,71,58.8053,-122.7002,-4.0,2.3
Saint-Philippe,0,RE,1613102554,65,-21.3585,55.7679,82.4,20.71
North Bend,90,US,1613102554,93,43.4065,-124.2243,50.0,13.8
Comodoro Rivadavia,0,AR,1613102301,64,-45.8667,-67.5,69.8,10.36
Makakilo City,1,US,1613102555,57,21.3469,-158.0858,80.6,8.05
Rørvik,100,NO,1613102555,74,64.8621,11.2373,38.34,27.78
Marathon,90,US,1613102555,71,44.9,-89.7668,1.4,6.91
Kaitangata,2,NZ,1613102555,66,-46.2817,169.8464,60.01,8.01
Røros,0,NO,1613102555,76,62.5747,11.3842,-14.8,3.44
Lere,0,NG,1613102555,26,10.387,8.5726,63.1,5.99
Marsh Harbour,0,BS,1613102556,83,26.5412,-77.0636,73.9,15.05
Aleksandrovskoye,90,RU,1613102556,93,44.7142,43.0008,33.8,11.18
Abadan,75,TM,1613102556,71,38.0507,58.2056,46.4,6.91
Narsaq,75,GL,1613102556,28,60.9167,-46.05,39.2,47.18
Geraldton,0,AU,1613102556,22,-28.7667,114.6,91.4,10.36
Barrhead,0,GB,1613102557,80,55.7992,-4.3929,26.6,8.05
Arlit,0,NE,1613102557,21,18.7369,7.3853,67.21,6.15
La Plata,97,AR,1613102401,91,-34.9215,-57.9545,71.01,1.99
Pangkalanbuun,92,ID,1613102557,49,-2.6833,111.6167,93.0,4.21
Heraclea,0,TR,1613102557,65,37.5133,34.0467,41.13,2.98
Barkhera Kalān,99,IN,1613102557,41,28.45,79.8,67.28,3.04
Alofi,40,NU,1613102558,66,-19.0595,-169.9187,86.0,13.8
Greenwood,90,US,1613102454,100,34.1668,-82.1165,59.0,4.29
Mapiripán,56,CO,1613102558,68,2.8892,-72.1256,75.88,3.22
Elliot,96,ZA,1613102558,32,-31.3333,27.85,60.31,4.38
Coos Bay,90,US,1613102558,100,43.3665,-124.2179,48.99,12.66
Pringsewu,43,ID,1613102558,67,-5.3582,104.9744,86.99,1.97
Cidreira,94,BR,1613102558,80,-30.1811,-50.2056,74.5,11.92
Harper,58,LR,1613102559,88,4.375,-7.7169,78.4,6.89
Tautira,75,PF,1613102559,58,-17.7333,-149.15,84.2,4.61
Kapaa,1,US,1613102559,57,22.0752,-159.319,75.2,4.61
Traverse City,90,US,1613102559,73,44.7631,-85.6206,14.0,3.44
Ribeira Grande,100,PT,1613102559,78,38.5167,-28.7,60.24,24.56
Emba,93,KZ,1613102559,94,48.8264,58.1442,23.18,8.81
Ostrovnoy,100,RU,1613102560,91,68.0531,39.5131,8.37,3.49
Al Bardīyah,54,LY,1613102560,82,31.7561,25.0865,57.4,12.39
Hasaki,75,JP,1613102560,54,35.7333,140.8333,54.0,4.61
Kruisfontein,100,ZA,1613102560,86,-34.0033,24.7314,73.99,1.01
Departamento de Maldonado,75,UY,1613102561,94,-34.6667,-54.9167,71.01,9.22
Kuchera,100,IN,1613102561,22,26.9839,73.9719,71.71,7.76
São Filipe,0,CV,1613102561,66,14.8961,-24.4956,71.46,9.91
Buritizeiro,100,BR,1613102561,91,-17.3511,-44.9622,70.09,2.33
Kiryat Gat,0,IL,1613102285,81,31.61,34.7642,51.01,5.75
Kathmandu,75,NP,1613102302,82,27.7167,85.3167,55.4,2.3
Iqaluit,75,CA,1613102562,78,63.7506,-68.5145,-2.2,11.5
Cherskiy,0,RU,1613102562,86,68.75,161.3,-22.09,0.34
Truth or Consequences,1,US,1613102562,25,33.1284,-107.2528,53.01,4.61
Havre-St-Pierre,90,CA,1613102562,68,50.2334,-63.5986,26.6,12.66
Half Moon Bay,90,US,1613102562,87,37.4636,-122.4286,55.99,14.97
Xinyu,64,CN,1613102562,78,27.8043,114.9334,57.34,3.83
Bayir,75,TR,1613102563,93,37.2687,28.2167,51.8,5.75
Cayenne,75,GF,1613102410,100,4.9333,-52.3333,77.0,2.3
Mount Gambier,75,AU,1613102563,63,-37.8333,140.7667,64.4,14.97
Norrtälje,41,SE,1613102563,89,59.758,18.705,18.0,1.01
Englewood,90,US,1613102527,72,39.6478,-104.9878,12.99,5.75
Concarneau,90,FR,1613102563,93,47.875,-3.9225,32.0,6.91
Araceli,30,PH,1613102564,76,10.5529,119.9913,83.21,10.16
Sri Aman,20,MY,1613102564,84,1.2376,111.4621,84.2,3.44
Qaqortoq,75,GL,1613102564,28,60.7167,-46.0333,39.2,47.18
Ukiah,90,US,1613102564,76,39.1502,-123.2078,50.0,5.75
Sørland,40,NO,1613102564,64,67.667,12.6934,33.8,20.71
Chivacoa,98,VE,1613102419,80,10.1603,-68.895,71.53,7.0
Lebu,2,CL,1613102565,94,-37.6167,-73.65,59.22,15.17
Mossendjo,100,CG,1613102565,99,-2.9506,12.7261,71.4,2.19
Rapid Valley,90,US,1613102565,70,44.0625,-103.1463,-8.0,12.66
Fairbanks,90,US,1613102402,78,64.8378,-147.7164,12.0,6.91
Krasnosel'kup,0,RU,1613102565,82,65.7,82.4667,-33.23,5.44
Yangi Marg`ilon,4,UZ,1613102566,81,40.4272,71.7189,41.0,4.61
Samarai,13,PG,1613102566,75,-10.6167,150.6667,83.07,8.48
Ocós,20,GT,1613102566,100,14.5094,-92.1933,73.4,5.23
Yakeshi,100,CN,1613102293,93,49.2833,120.7333,11.37,20.78
Lewiston,1,US,1613102566,48,44.1003,-70.2148,12.2,9.22
Alta,75,NO,1613102567,68,69.9689,23.2717,21.2,13.8
Aykhal,9,RU,1613102567,82,66.0,111.5,-18.87,6.22
Ascension,90,US,1613102567,93,30.2169,-90.9001,50.0,8.05
Honiara,100,SB,1613102567,88,-9.4333,159.95,77.52,5.08
Olafsvik,97,IS,1613102567,76,64.8945,-23.7142,37.99,19.35
Sitka,1,US,1613102568,27,57.0531,-135.33,30.2,10.36
Dakar,2,SN,1613102328,88,14.6937,-17.4441,64.4,6.91
Misratah,0,LY,1613102568,70,32.3754,15.0925,56.66,6.93
Faanui,6,PF,1613102568,66,-16.4833,-151.75,82.51,10.8
Chhāpar,70,IN,1613102568,27,27.8167,74.4,70.41,9.6
Mount Isa,40,AU,1613102569,41,-20.7333,139.5,95.0,11.5
Bandarbeyla,47,SO,1613102569,74,9.4942,50.8122,72.61,12.3
Biak,100,ID,1613102569,76,-0.9131,122.8766,83.01,3.6
Hutchinson,90,US,1613102465,67,38.0608,-97.9298,10.4,11.5
Kayerkan,96,RU,1613102570,88,69.3497,87.7602,-18.6,2.53
Urusha,100,RU,1613102570,96,54.05,122.9,17.58,8.48
Jinchang,100,CN,1613102570,48,38.4953,102.1739,43.95,6.04
Cabo San Lucas,1,MX,1613102488,77,22.8909,-109.9124,64.0,3.44
Brae,40,GB,1613102571,70,60.3964,-1.353,37.4,24.16
Hanyang,0,CN,1613102572,50,32.1371,105.5126,59.9,7.96
Pevek,48,RU,1613102572,84,69.7008,170.3133,-24.03,2.55
Reshetnikovo,100,RU,1613102572,93,56.45,36.5667,2.57,9.8
Sorgun,22,TR,1613102344,79,39.8101,35.186,37.49,8.08
Port Hedland,0,AU,1613102573,55,-20.3167,118.5667,89.6,17.27
Shihezi,96,CN,1613102573,95,44.3,86.0333,18.54,3.0
Lagoa,100,PT,1613102573,83,39.05,-27.9833,59.05,21.3
Kaeo,0,NZ,1613102573,52,-35.1,173.7833,70.3,5.28
Malinovoye Ozero,98,RU,1613102574,87,51.6753,79.7825,-10.01,5.06
Quatre Cocos,40,MU,1613102574,69,-20.2078,57.7625,82.0,6.91
Sinjār,0,IQ,1613102574,64,36.3209,41.8754,47.97,1.1
Imbituba,75,BR,1613102574,94,-28.24,-48.6703,71.6,8.05
Zahir Pir,95,PK,1613102574,19,28.8124,70.524,73.06,5.77
Prattville,90,US,1613102575,100,32.464,-86.4597,60.8,5.75
Ilulissat,90,GL,1613102575,61,69.2167,-51.1,10.4,13.8
Kitami,20,JP,1613102575,74,43.8031,143.8908,28.99,11.5
Safaga,0,EG,1613102575,38,26.7292,33.9365,59.0,6.91
Praia da Vitória,75,PT,1613102575,100,38.7333,-27.0667,61.0,28.61
Hithadhoo,88,MV,1613102576,77,-0.6,73.0833,81.61,12.1
Balaipungut,40,ID,1613102576,78,1.05,101.2833,82.4,2.84
Broken Hill,40,AU,1613102576,44,-31.95,141.4333,80.6,13.8
Zyryanovsk,100,KZ,1613102577,93,49.7386,84.2719,7.68,1.79
Bengkulu,97,ID,1613102577,64,-3.8004,102.2655,84.79,6.76
Ortona,90,IT,1613102577,81,42.3496,14.4039,46.0,4.61
Itarema,94,BR,1613102578,82,-2.9248,-39.9167,78.94,11.39
Krutinka,15,RU,1613102578,85,56.0055,71.5113,-19.48,4.65
Burnie,23,AU,1613102292,85,-41.0667,145.9167,61.0,5.01
Dennery,20,LC,1613102578,65,13.8996,-60.8879,78.8,18.41
Tiznit Province,0,MA,1613102578,73,29.5833,-9.5,56.14,1.57
Mnogovershinnyy,8,RU,1613102578,95,53.9353,139.9242,17.01,2.51
Aksarka,40,RU,1613102579,83,66.5606,67.7975,-27.11,3.8
Forsytheganj,100,BY,1613102579,95,52.6333,29.7333,7.92,17.9
Te Anau,0,NZ,1613102459,44,-45.4167,167.7167,68.29,4.92
Tual,100,ID,1613102579,75,-5.6667,132.75,84.13,11.77
Tutóia,100,BR,1613102579,82,-2.7619,-42.2744,80.42,13.85
Zhangaözen,0,KZ,1613102579,77,43.3,52.8,37.94,12.68
Iguape,99,BR,1613102579,86,-24.7081,-47.5553,74.1,4.94
Grevená,1,GR,1613102580,75,40.0845,21.4274,35.6,9.22
Ust'-Omchug,76,RU,1613102580,89,61.15,149.6333,8.19,4.63
Misawa,20,JP,1613102580,56,40.6836,141.3597,37.4,3.44
Gunnedah,45,AU,1613102580,48,-30.9833,150.25,84.2,14.97
Kodīnar,0,IN,1613102580,26,20.7903,70.7031,77.52,6.55
Kavieng,76,PG,1613102580,73,-2.5744,150.7967,82.98,2.84
Pangody,2,RU,1613102581,82,65.85,74.4859,-36.35,3.56
Saint-Joseph,0,RE,1613102581,65,-21.3667,55.6167,82.4,20.71
Oleksandrivka,100,UA,1613102581,94,48.9634,32.2349,20.75,18.72
Chenzhou,81,CN,1613102581,66,25.8,113.0333,62.58,2.06
Chicama,96,PE,1613102581,69,-7.8447,-79.1469,74.21,3.83
Srinagar,79,IN,1613102582,79,34.0833,74.8167,35.94,0.4
Bom Jesus,35,BR,1613102582,89,-9.0744,-44.3586,72.5,1.81
Marawi,76,PH,1613102582,78,7.9986,124.2928,78.1,4.21
Lakewood,90,US,1613102582,79,39.7047,-105.0814,12.2,5.75
Buta,38,CD,1613102582,47,2.7858,24.73,67.1,1.03
Mareeba,90,AU,1613102583,83,-17.0,145.4333,82.0,3.44
Idanre,96,NG,1613102583,97,7.1127,5.1159,73.29,1.52
Douentza,38,ML,1613102583,20,14.9951,-2.9517,68.5,4.14
Eureka,98,US,1613102583,97,40.8021,-124.1637,48.99,3.11
Sitges,92,ES,1613102583,74,41.2351,1.8119,54.0,2.06
Daoukro,95,CI,1613102584,98,7.0591,-3.9631,71.6,2.53
Lambaréné,98,GA,1613102584,93,-0.7001,10.2406,76.35,3.78
Los Llanos de Aridane,0,ES,1613102584,67,28.6585,-17.9182,60.8,5.75
Minas,75,UY,1613102584,94,-34.3759,-55.2377,71.01,9.22
Druzhba,100,UA,1613102584,96,52.0428,33.9453,15.28,17.76
Ormara,0,PK,1613102584,44,25.2088,64.6357,73.45,4.52
Camapuã,100,BR,1613102585,90,-19.5314,-54.0439,70.47,1.48
Kindu,100,CD,1613102585,95,-2.95,25.95,71.13,2.21
Okhotsk,100,RU,1613102585,91,59.3833,143.3,18.99,5.88
Bereda,78,ES,1613102585,100,43.2686,-7.5406,51.01,5.01
Two Hills,100,CA,1613102407,84,53.7169,-111.7518,-9.4,24.16
Altamira,100,BR,1613102394,96,-3.2033,-52.2064,73.0,3.27
Bezhetsk,100,RU,1613102586,92,57.7851,36.6965,-2.52,9.69
Mitú,100,CO,1613102586,96,1.1983,-70.1733,72.79,2.28
Černilov,82,CZ,1613102586,88,50.2627,15.9225,10.0,1.48
Daniel Flores,55,CR,1613102586,81,9.3355,-83.6694,69.48,2.62
Nagua,26,DO,1613102586,94,19.3832,-69.8474,69.01,7.05
Luanda,75,AO,1613102500,74,-8.8368,13.2343,80.6,4.61
Kununurra,40,AU,1613102587,62,-15.7667,128.7333,93.2,3.44
Katsuura,100,JP,1613102587,48,35.1333,140.3,54.0,1.01
Tazovsky,3,RU,1613102587,82,67.4667,78.7,-35.5,5.08
Coquimbo,0,CL,1613102587,94,-29.9533,-71.3436,60.8,3.44
Broome,1,US,1613102587,85,42.2506,-75.833,10.99,6.91
Tabou,48,CI,1613102588,89,4.423,-7.3528,77.85,6.31
Sterling,90,US,1613102588,74,39.0062,-77.4286,30.99,5.75
Vestmannaeyjar,100,IS,1613102588,65,63.4427,-20.2734,42.33,38.68
Rodolfo Sánchez Taboada,34,MX,1613102588,85,31.7167,-116.5667,57.99,1.99
Plessisville,56,CA,1613102588,51,46.2186,-71.762,5.0,8.05
Arman',2,RU,1613102588,91,59.7,150.1667,20.66,3.27
Inírida,76,CO,1613102588,92,3.8653,-67.9239,75.43,2.24
Dalvik,0,IS,1613102589,86,65.9702,-18.5286,21.2,1.14
Banjar,75,ID,1613102589,83,-8.19,114.9675,80.6,4.61
Yulara,90,AU,1613102472,88,-25.2406,130.9889,75.2,13.8
Mergen,0,CN,1613102589,90,49.1833,125.2167,22.21,17.29
Florianópolis,75,BR,1613102421,94,-27.6146,-48.5012,71.6,8.05
Bonfim,9,BR,1613102589,69,3.0833,-59.95,78.75,11.21
Leningradskiy,100,RU,1613102589,86,69.3833,178.4167,-14.78,12.88
Santander,75,ES,1613102442,94,43.4647,-3.8044,55.4,8.05
Aksu,0,CN,1613102590,55,41.1231,80.2644,42.58,1.99
Pignon,0,HT,1613102590,86,19.3333,-72.1167,68.0,1.88
Abu Samrah,0,SY,1613102590,65,35.3029,37.1841,49.57,5.5
Fomboni,85,KM,1613102590,77,-12.28,43.7425,83.03,19.39
Asău,71,RO,1613102591,66,46.4333,26.4,21.0,2.86
Porto-Novo,40,BJ,1613102591,84,6.4965,2.6036,84.2,9.22
Santa Lucía,75,ES,1613102591,77,27.9117,-15.5407,64.4,11.5
Plátanos,40,GR,1613102591,87,37.6667,21.6167,48.2,2.66
Candolim,12,IN,1613102591,43,15.5181,73.7626,77.72,2.21
Kahului,20,US,1613102580,57,20.8947,-156.47,78.8,16.11
Mumford,36,GH,1613102592,86,5.2618,-0.759,80.33,10.02
Bassila,0,BJ,1613102592,73,9.0081,1.6654,77.0,3.4
Terrasini,75,IT,1613102592,76,38.146,13.0844,54.0,10.36
Saiha,0,IN,1613102592,21,22.4833,92.9667,80.17,2.24
Sheksna,75,RU,1613102592,84,59.21,38.5107,-9.4,4.47
Henties Bay,94,NA,1613102592,91,-22.116,14.2845,68.0,7.67
Saint George,1,US,1613102593,35,37.1041,-113.5841,57.0,1.16
Stropkov,75,SK,1613102593,91,49.2021,21.6522,8.01,12.24
Vao,12,NC,1613102593,76,-22.6667,167.4833,77.34,4.21
Babstovo,100,RU,1613102593,95,48.1167,132.4833,15.55,6.15
Madang,100,PG,1613102593,66,-5.2246,145.7966,84.65,3.85
Kudahuvadhoo,1,MV,1613102593,77,2.6708,72.8944,80.31,14.81
Nahrin,78,AF,1613102594,31,36.0649,69.1334,53.26,4.43
Coolum Beach,40,AU,1613102594,63,-26.5333,153.1,82.0,5.01
Lorengau,85,PG,1613102594,77,-2.0226,147.2712,82.99,3.53
Suicheng,0,CN,1613102594,60,33.8963,117.9331,58.62,10.42
Kenora,90,CA,1613102594,69,49.8167,-94.4337,-18.0,4.61
Shinpokh,40,PK,1613102594,54,34.3292,71.1782,55.4,6.91
Nardaran,90,AZ,1613102594,100,40.5561,50.0056,44.6,11.5
Āzādshahr,0,IR,1613102408,66,34.7909,48.5707,36.34,2.64
Gizo Government Station,98,SB,1613102595,75,-8.103,156.8419,82.81,9.33
Mungwi,100,ZM,1613102595,98,-10.1732,31.3694,61.9,6.38
Walvis Bay,95,NA,1613102595,88,-22.9575,14.5053,68.0,5.75
Alyangula,40,AU,1613102595,74,-13.8483,136.4192,86.0,6.91
La Ronge,100,CA,1613102595,69,55.1001,-105.2842,-16.6,6.91
Chumikan,100,RU,1613102595,95,54.7183,135.315,16.95,15.43
Pucara,79,PE,1613102596,75,-15.9803,-71.4606,37.04,3.89
Zyryanka,62,RU,1613102596,88,65.75,150.85,-14.96,1.03
Aswān,93,EG,1613102596,27,24.0934,32.907,64.11,9.01
Pacific Grove,90,US,1613102596,94,36.6177,-121.9166,54.0,8.12
Salalah,0,OM,1613102442,35,17.0151,54.0924,69.8,5.75
Klaksvík,75,FO,1613102596,69,62.2266,-6.589,33.8,12.66
Saint-Pierre,0,RE,1613102422,65,-21.3393,55.4781,82.4,20.71
Øksfjord,75,NO,1613102597,68,70.2396,22.3479,26.6,13.8
Palauig,29,PH,1613102597,73,15.435,119.9045,81.97,15.93
Byron Bay,16,AU,1613102597,57,-28.65,153.6167,82.99,17.27
Inuvik,100,CA,1613102597,78,68.3499,-133.7218,1.4,6.91
Filingué,0,NE,1613102597,19,14.3521,3.3168,69.89,7.34
Edson,1,CA,1613102465,64,53.5835,-116.4356,-13.0,10.36
Curuçá,100,BR,1613102598,92,-0.7289,-47.8481,76.24,4.12
Srīvardhan,100,IN,1613102598,29,18.0333,73.0167,79.43,2.86
Huaicheng,2,CN,1613102598,50,23.9051,112.1931,70.3,1.77
Berlevåg,0,NO,1613102598,73,70.8578,29.0864,19.4,18.41
Emerald,40,AU,1613102598,40,-23.5333,148.1667,89.6,9.22
Sioux Lookout,40,CA,1613102598,75,50.1001,-91.917,-27.4,0.49
Dingcheng,23,CN,1613102598,58,32.1272,115.0394,62.55,2.53
Ambon City,40,ID,1613102599,58,-3.6954,128.1814,91.4,6.91
Bell Ville,1,AR,1613102599,97,-32.6259,-62.6887,66.0,1.99
Lüderitz,32,NA,1613102599,88,-26.6481,15.1594,64.15,1.5
Plover,90,US,1613102599,85,44.4564,-89.544,7.0,3.44
São Gabriel da Cachoeira,83,BR,1613102599,95,-0.1303,-67.0892,73.63,0.58
Wonthaggi,15,AU,1613102600,55,-38.6044,145.5913,73.99,13.53
Maun,75,BW,1613102600,100,-19.9833,23.4167,69.8,3.44
Bol,0,TD,1613102600,41,13.4586,14.7147,73.17,13.0
Zhuhai,0,CN,1613102600,68,22.2769,113.5678,72.0,11.5
Yabēlo,100,ET,1613102600,47,4.8833,38.0833,63.79,6.22
Calvinia,57,ZA,1613102600,64,-31.4707,19.776,68.41,4.12
Mitsamiouli,91,KM,1613102600,78,-11.3847,43.2844,82.29,14.45
Airai,51,TL,1613102601,84,-8.9266,125.4092,73.09,2.08
Piney Green,90,US,1613102547,93,34.716,-77.3202,46.0,9.22
Balabac,16,PH,1613102601,79,7.9868,117.0645,82.2,11.34
Dongying,0,CN,1613102601,53,37.4564,118.4856,59.83,6.2
Yushu,0,CN,1613102601,97,44.8,126.5333,31.84,12.19
Kurumkan,96,RU,1613102601,82,54.3,110.3,4.48,3.51
Nizwá,2,OM,1613102446,29,22.9333,57.5333,70.95,1.1
Finschhafen,100,PG,1613102602,76,-6.6024,147.8681,83.98,11.95
Hanmer Springs,90,NZ,1613102602,55,-42.5167,172.8167,62.92,4.97
Verkhnyaya Inta,91,RU,1613102602,87,65.9811,60.3094,-23.39,1.23
Boa Vista,0,BR,1613102602,73,2.8197,-60.6733,78.8,12.66
Nantucket,1,US,1613102578,54,41.2835,-70.0995,26.01,19.57
Ouadda,27,CF,1613102602,26,8.0777,22.4007,65.64,3.87
Murray Bridge,9,AU,1613102603,49,-35.1167,139.2667,73.0,15.86
Zhaotong,68,CN,1613102603,62,27.3167,103.7167,50.9,3.47
Esperance,75,AU,1613102588,46,-33.8667,121.9,69.8,6.91
Camaçari,20,BR,1613102421,65,-12.6975,-38.3242,80.6,6.91
Poum,3,NC,1613102603,75,-20.2333,164.0167,79.5,9.4
Tuam,100,IE,1613102603,3,53.5167,-8.85,33.01,3.0
Kalmunai,96,LK,1613102603,77,7.4167,81.8167,76.42,8.34
Tevriz,23,RU,1613102604,87,57.509,72.4042,-22.16,3.13
Anchorage,75,US,1613102604,74,61.2181,-149.9003,25.0,6.91
Kalāleh,0,IR,1613102604,93,37.3807,55.4916,41.0,2.17
Dhidhdhoo,0,MV,1613102604,66,6.8833,73.1,80.33,8.39
Bonoua,40,CI,1613102604,89,5.2741,-3.595,82.4,10.36
Mezőkövesd,97,HU,1613102604,93,47.8167,20.5833,15.91,4.79
Tabuk,73,PH,1613102605,76,17.4189,121.4443,77.63,7.27
Kyren,100,RU,1613102605,84,51.6828,102.1408,0.99,1.57
La Santisima Trinidad,100,BO,1613102605,91,-14.8333,-64.9,68.09,4.45
Cap-aux-Meules,100,CA,1613102605,62,47.3821,-61.8597,17.6,18.41
Vestmanna,75,FO,1613102605,69,62.1564,-7.1664,33.8,12.66
Le Port,40,RE,1613102605,65,-20.9373,55.2919,80.6,17.27
Rancharia,0,BR,1613102606,88,-22.2292,-50.8931,71.6,5.75
Palembang,75,ID,1613102606,79,-2.9167,104.7458,84.2,9.22
Padang,20,ID,1613102606,66,-0.9492,100.3543,87.8,5.75
Butembo,88,CD,1613102606,66,0.15,29.2833,61.54,2.21
Sibolga,80,ID,1613102606,57,1.7427,98.7792,87.62,3.71
‘Ewa Beach,1,US,1613102461,57,21.3156,-158.0072,80.6,8.05
Balikpapan,40,ID,1613102607,94,-1.2675,116.8289,77.0,8.05
Puerto Carreño,23,CO,1613102607,56,6.189,-67.4859,80.37,7.92
Kumsi,55,IN,1613102607,31,14.0667,75.4,77.41,4.47
Manono,100,CD,1613102607,95,-7.3,27.4167,69.19,2.8
Abéché,0,TD,1613102607,29,13.8292,20.8324,67.87,11.39
Oktyabr'skiy,92,RU,1613102608,96,54.4815,53.471,12.52,3.2
Bahía Blanca,4,AR,1613102608,62,-38.7196,-62.2724,71.22,9.37
La Libertad,34,EC,1613102608,81,-2.2333,-80.9,76.8,4.27
Icod de los Vinos,5,ES,1613102608,77,28.3724,-16.7119,63.0,3.0
Hambantota,20,LK,1613102608,78,6.1241,81.1185,78.8,8.05
Sault Ste. Marie,40,CA,1613102608,66,46.5168,-84.3333,8.6,4.61
Kulhudhuffushi,0,MV,1613102608,65,6.6221,73.07,80.17,8.59
Dalby,42,AU,1613102609,29,-27.1833,151.2667,89.01,1.99
Sobolevo,100,RU,1613102609,94,54.4299,31.8996,4.64,19.71
Aras,75,ES,1613102609,93,42.5617,-2.356,46.4,0.85
Camacha,20,PT,1613102609,82,33.0833,-16.3333,59.0,3.44
Puerto Escondido,1,MX,1613102609,83,15.85,-97.0667,77.0,5.44
Klyuchi,40,RU,1613102609,87,52.2667,79.1667,-15.72,4.52
Ancud,0,CL,1613102609,82,-41.8697,-73.8203,53.01,10.36
Muborak,100,UZ,1613102610,44,39.2553,65.1528,55.02,9.13
Katima Mulilo,98,NA,1613102610,96,-17.5,24.2667,66.22,2.98
Bad Bevensen,20,DE,1613102610,85,53.0833,10.5833,14.0,1.14
Ovsyanka,0,RU,1613102610,54,55.9575,92.5519,-5.8,8.95
Verkhoyansk,0,RU,1613102610,85,67.5447,133.385,-7.91,1.74
Marzuq,69,YE,1613102610,38,14.4,46.4667,56.17,2.13
Krasnoturansk,45,RU,1613102611,76,54.3186,91.5639,-16.6,2.48
Andros Town,0,BS,1613102611,88,24.7,-77.7667,73.4,3.44
Loandjili,40,CG,1613102611,89,-4.7561,11.8578,82.4,5.75
Piopio,0,NZ,1613102611,35,-38.4667,175.0167,78.01,4.0
Alegrete,89,BR,1613102611,88,-29.7831,-55.7919,67.69,6.78
Ulagan,88,RU,1613102611,82,50.6321,87.9563,4.19,2.06
Sorong,8,ID,1613102611,71,-0.8833,131.25,85.41,5.21
Gumia,98,IN,1613102612,29,23.7833,85.8167,75.42,2.77
Batagay-Alyta,100,RU,1613102612,84,67.8006,130.4114,-4.36,1.79
Los Andes,0,CL,1613102612,99,-32.8337,-70.5983,64.0,1.23
Scituate,1,US,1613102612,50,42.1959,-70.7259,23.0,3.44
Russell,90,US,1613102612,94,32.3502,-85.1999,60.8,3.44
Orichi,100,RU,1613102613,92,58.4036,49.0572,-2.58,7.14
Kisi,76,NG,1613102613,47,9.0833,3.85,71.64,2.46
Kumul,84,CN,1613102613,64,42.8,93.45,36.73,6.24
Salta,40,AR,1613102564,94,-24.7859,-65.4117,62.6,4.61
Winnemucca,90,US,1613102613,87,40.973,-117.7357,41.0,9.22
Port Blair,67,IN,1613102613,64,11.6667,92.75,82.38,14.58
Dukat,31,RU,1613102613,90,62.55,155.55,-5.6,4.52
Camopi,37,GF,1613102504,98,3.1655,-52.3158,71.42,2.26
Bilibino,0,RU,1613102614,77,68.0546,166.4372,-17.19,3.4
Zhigansk,99,RU,1613102614,91,66.7697,123.3711,-4.22,4.74
Ambunti,100,PG,1613102614,60,-4.2365,142.8448,88.81,1.1
Agirish,43,RU,1613102614,87,61.9247,63.0231,-20.16,1.81
Stykkisholmur,100,IS,1613102407,91,65.0757,-22.7297,32.4,12.06
Noumea,75,NC,1613102615,66,-22.2763,166.4572,86.0,9.22
Mocuba,100,MZ,1613102615,97,-16.8392,36.9856,72.5,3.98
Namatanai,69,PG,1613102615,75,-3.6667,152.4333,83.17,7.18
Cabedelo,75,BR,1613102615,83,-6.9811,-34.8339,78.8,5.75
Trincomalee,100,LK,1613102615,62,8.5711,81.2335,79.05,7.07
Grindavik,75,IS,1613102615,81,63.8424,-22.4338,37.4,24.16
Port Lincoln,96,AU,1613102616,58,-34.7333,135.8667,67.28,14.56
Ampanihy,99,MG,1613102616,73,-24.7,44.75,74.28,7.94
Mama,100,RU,1613102616,84,58.3106,112.8986,-0.89,4.54
Richards Bay,6,ZA,1613102378,90,-28.783,32.0377,73.22,3.29
Westport,1,US,1613102616,46,41.1415,-73.3579,26.6,9.22
Srednekolymsk,0,RU,1613102616,84,67.45,153.6833,-21.17,4.65
Nador,0,MA,1613102617,67,35.174,-2.9287,60.8,11.5
Raudeberg,0,NO,1613102617,54,61.9875,5.1352,23.0,9.22
Sal Rei,75,CV,1613102617,77,16.1833,-22.9167,68.0,13.8
Mayumba,100,GA,1613102617,84,-3.432,10.6554,78.82,3.67
Beidao,0,CN,1613102617,37,34.5686,105.8933,57.87,12.35
Salamiyah,0,SY,1613102618,61,35.0113,37.0532,50.32,9.37
Savasleyka,100,RU,1613102618,94,55.4606,42.3207,5.58,6.29
Reno,75,US,1613102430,61,39.5296,-119.8138,44.6,3.44
Krasnogorskoye,0,RU,1613102618,87,52.2953,86.1979,-10.21,2.24
Atar,0,MR,1613102618,24,20.5169,-13.0499,62.67,10.16
Havelock,90,US,1613102618,93,34.8791,-76.9013,44.6,10.36
Donduşeni,100,MD,1613102618,93,48.2427,27.6101,10.99,23.33
Tyrma,100,RU,1613102619,86,50.0833,132.1667,24.15,11.77
Bom Jardim,0,BR,1613102408,88,-7.7958,-35.5872,73.4,9.22
Guerrero Negro,0,MX,1613102619,84,27.9769,-114.0611,59.34,12.86
Ciudad Darío,20,NI,1613102619,73,12.7314,-86.124,78.8,9.22
Ixtapa,90,MX,1613102619,94,20.7,-105.2,68.0,3.44
Pacsa,0,HU,1613102526,67,46.7198,17.014,17.6,9.22
Hopelchén,0,MX,1613102619,68,19.7667,-89.85,76.6,6.73
Manaure,49,CO,1613102620,77,11.7751,-72.4445,76.6,13.38
Magnor,75,SE,1613102620,85,59.9511,12.1996,7.0,3.44
Price,1,US,1613102620,64,39.5994,-110.8107,35.6,4.61
Sittwe,44,MM,1613102620,34,20.15,92.9,76.71,5.1
Balkanabat,0,TM,1613102604,61,39.5108,54.3671,48.96,4.47
Alugan,64,PH,1613102620,78,12.2188,125.4808,82.8,6.82
Angoche,100,MZ,1613102620,91,-16.2325,39.9086,76.33,11.68
Chulym,0,RU,1613102621,84,55.0997,80.9572,-24.14,5.03
Liuzhou,0,CN,1613102621,55,24.3126,109.3892,65.26,5.26
Puerto Baquerizo Moreno,47,EC,1613102621,89,-0.9,-89.6,76.42,11.16
Port Augusta,40,AU,1613102621,60,-32.5,137.7667,79.0,13.8
Kushima,75,JP,1613102621,72,31.4583,131.2333,59.0,18.41
Dalen,0,NL,1613102621,93,52.6992,6.7556,19.0,4.0
Baillif,75,GP,1613102621,94,16.0202,-61.7463,71.6,4.61
Turbat,0,PK,1613102622,18,26.0023,63.044,73.2,3.38
Changji,51,CN,1613102622,93,44.0167,87.3167,21.2,3.18
Mīnjūr,20,IN,1613102622,53,13.2667,80.2667,78.8,5.75
Vila Franca do Campo,75,PT,1613102622,88,37.7167,-25.4333,61.0,26.46
Dhārchula,93,IN,1613102622,22,29.85,80.5333,65.75,3.02
Souillac,40,MU,1613102622,69,-20.5167,57.5167,80.6,6.91
Corinth,0,GR,1613102392,33,37.9407,22.9573,57.0,3.0
Port Hardy,75,CA,1613102406,47,50.6996,-127.4199,35.6,23.02
Clifton,1,US,1613102435,46,40.8584,-74.1638,28.4,8.05
Broşteni,100,RO,1613102623,79,47.2333,25.7,14.0,1.99
Anadyr,0,RU,1613102623,68,64.75,177.4833,-25.01,17.9
Vardø,90,NO,1613102623,92,70.3705,31.1107,15.8,16.11
Moalboal,40,PH,1613102623,79,9.9433,123.3992,86.0,9.22
Erzin,32,TR,1613102623,88,36.9559,36.2,52.0,15.01
Udachny,69,RU,1613102624,85,66.4167,112.4,-16.62,3.51
Mattru,98,SL,1613102624,92,7.6244,-11.8332,74.28,0.34
Matara,41,LK,1613102624,67,5.9485,80.5353,82.51,1.95
Oodweyne,91,SO,1613102624,34,9.4092,45.064,60.73,4.14
Tūkrah,19,LY,1613102624,76,32.5341,20.5791,56.03,9.62
Issia,29,CI,1613102625,95,6.4922,-6.5856,72.72,2.95
